Q313,,Q112,Q113,Q114,Q132_1,Q132_2,Q125,Q127,Q128,Q130,Q158,Q159,Q160,Q161,Q162,Q163,Q164,Q165,Q166,Q167,Q889,Q890_1,Q866_1,Q868_1,Q870_1,Q872_1,Q874_1,Q876_1,Q878_1,Q880_1,Q882_1,Q884_1,Q886_1,Q888_1,Q893,Q894,Q895,Q896,Q897,Q898,Q899,Q900,Q901,Q902,Q903,Q904,Q104 - Topics
Participant ID,,What race do you consider yourself to be?,Other:,Do you consider yourself to be Hispanic or Latino?,"For the following statements, indicate how often that statement was true in the past 12 months: - I/We couldn't afford to eat balance meals.","For the following statements, indicate how often that statement was true in the past 12 months: - The food that I/we bought just didn't last, and I/we didn't have money to get more.","In the last 12 months, did you (or other adults in your household) ever cut the size of your meals or skip meals because there wasn't enough money for food?",How often did this happen?,"In the last 12 months, did you ever eat less than you felt you should because there wasn't enough money for food?","In the last 12 months, were you ever hungry but didn't eat because you couldn't afford enough food?","In the last month, how often have you been upset because of something that happened unexpectedly?","In the last month, how often have you felt that you were unable to control the important things in your life?","In the last month, how often have you felt nervous and ""stressed""?","In the last month, how often have you felt confident about your ability to handle your personal problems?","In the last month, how often have you felt that things were going your way?","In the last month, how often have you found that you could not cope with all the things that you had to do?","In the last month, how often have you been able to control irritations in your life?","In the last month, how often have you felt that you were on top of things?","In the last month, how often have you been angered because of things that were outside of your control?","In the last month, how often have you felt difficulties were piling up so high that you could not overcome them?","Of the following food items, which is your favorite?",Q890 - How much do you like [QID889-ChoiceGroup-SelectedChoices]?,Q866 - $0.00 per serving (free),Q868 - $0.12 per serving,Q870 - $0.25 per serving,Q872 - $0.50 per serving,Q874 - $1.00 per serving,Q876 - $2.00 per serving,Q878 - $5.00 per serving,Q880 - $10.00 per serving?,Q882 - $20.00 per serving?,Q884 - $40.00 per serving?,Q886 - $80.00 per serving?,Q888 - $160.00 per serving?,"I consider how things might be in the future, and try to influence those things with my day to day behavior",Often I engage in a particular behavior in order to achieve outcomes that may not result for many years.,"I only act to satisfy immediate concerns, figuring the future will take care of itself.","My behavior is only influenced by the immediate (i.e., a matter of days or weeks) outcomes of my actions.",My convenience is a big factor in the decisions I make or the actions I take.,I am willing to sacrifice my immediate happiness or well-being in order to achieve future outcomes.,I think it is more important to take warnings about negative outcomes seriously even if the negative outcome will not occur for many years.,I think it is more important to perform a behavior with important distant consequences than a behavior with less-important immediate consequences.,I generally ignore warnings about possible future problems because I think the problems will be resolved before they reach crisis level.,I think that sacrificing now is usually unnecessary since future outcomes can be dealt with at a later time.,"I only act to satisfy immediate concerns, figuring that I will take care of future problems that may occur at a later date.","Since my day to day work has specific outcomes, it is more important to me than behavior that has distant outcomes",Q104 - Topics
"{""ImportId"":""QID864_TEXT""}",,"{""ImportId"":""QID663""}","{""ImportId"":""QID664_TEXT""}","{""ImportId"":""QID665""}","{""ImportId"":""QID683_1""}","{""ImportId"":""QID683_2""}","{""ImportId"":""QID676""}","{""ImportId"":""QID678""}","{""ImportId"":""QID679""}","{""ImportId"":""QID681""}","{""ImportId"":""QID709""}","{""ImportId"":""QID710""}","{""ImportId"":""QID711""}","{""ImportId"":""QID712""}","{""ImportId"":""QID713""}","{""ImportId"":""QID714""}","{""ImportId"":""QID715""}","{""ImportId"":""QID716""}","{""ImportId"":""QID717""}","{""ImportId"":""QID719""}","{""ImportId"":""QID889""}","{""ImportId"":""QID890_1""}","{""ImportId"":""QID866_1""}","{""ImportId"":""QID868_1""}","{""ImportId"":""QID870_1""}","{""ImportId"":""QID872_1""}","{""ImportId"":""QID874_1""}","{""ImportId"":""QID876_1""}","{""ImportId"":""QID878_1""}","{""ImportId"":""QID880_1""}","{""ImportId"":""QID882_1""}","{""ImportId"":""QID884_1""}","{""ImportId"":""QID886_1""}","{""ImportId"":""QID888_1""}","{""ImportId"":""QID893""}","{""ImportId"":""QID894""}","{""ImportId"":""QID895""}","{""ImportId"":""QID896""}","{""ImportId"":""QID897""}","{""ImportId"":""QID898""}","{""ImportId"":""QID899""}","{""ImportId"":""QID900""}","{""ImportId"":""QID901""}","{""ImportId"":""QID902""}","{""ImportId"":""QID903""}","{""ImportId"":""QID904""}","{""ImportId"":""QID655_TEXT_15737b3916a548cb9137bbe1Topics""}"
MGC-05,Female,White,,"No, not Hispanic or Latino",Never true,Never true,No,,No,No,Sometimes,Almost Never,Sometimes,Fairly Often,Fairly Often,Almost Never,Sometimes,Very Often,Almost Never,Almost Never,McDonald's cheeseburgers (serving: 1),3,5,5,5,5,2,1,0,0,0,0,0,0,,,,,,,,,,,,,Unknown
MGC-02,Male,Black or African American,,"No, not Hispanic or Latino",Never true,Never true,No,,No,No,Almost Never,Almost Never,Sometimes,Fairly Often,Sometimes,Almost Never,Fairly Often,Fairly Often,Sometimes,Almost Never,Arby's roast beef sandwiches (serving: 1),5,7,7,7,7,7,7,2,0,0,0,0,0,,,,,,,,,,,,,Unknown
MGC-04,Female,White,,"No, not Hispanic or Latino",Sometimes true,Never true,No,,No,No,Sometimes,Sometimes,Fairly Often,Fairly Often,Sometimes,Almost Never,Fairly Often,Fairly Often,Sometimes,Sometimes,Arby's roast beef sandwiches (serving: 1),4,7,7,7,7,7,2,1,0,0,0,0,0,,,,,,,,,,,,,Unknown
MGC-01,Male,Asian,,"No, not Hispanic or Latino",Never true,Never true,No,,No,No,Sometimes,Almost Never,Almost Never,Very Often,Sometimes,Never,Very Often,Fairly Often,Almost Never,Never,Pizza Hut pizza (serving: 1 slice),3,5,3,3,3,3,1,0,0,0,0,0,0,,,,,,,,,,,,,Unknown
MGC-06,Female,White,,"No, not Hispanic or Latino",Never true,Sometimes true,No,,No,No,Almost Never,Sometimes,Sometimes,Very Often,Sometimes,Never,Fairly Often,Fairly Often,Never,Almost Never,McDonald's french fries (serving: 1 medium order),5,7,7,7,7,7,7,1,0,0,0,0,0,,,,,,,,,,,,,Unknown
MGC-08,Female,Black or African American,,"No, not Hispanic or Latino",Never true,Never true,No,,Yes,No,Sometimes,Sometimes,Sometimes,Fairly Often,Sometimes,Sometimes,Sometimes,Sometimes,Sometimes,Sometimes,Chick-Fil-A chicken nuggets (serving: 12 nuggets),5,7,7,7,7,7,4,1,0,0,0,0,0,,,,,,,,,,,,,Unknown
MGC-10,Female,White,,"No, not Hispanic or Latino",Never true,Never true,No,,No,No,Never,Never,Never,Very Often,Very Often,Never,Very Often,Fairly Often,Never,Never,Pizza Hut pizza (serving: 1 slice),5,3,3,3,3,3,3,0,0,0,0,0,0,,,,,,,,,,,,,Unknown
MGC-03,Female,Asian,,"No, not Hispanic or Latino",Never true,Never true,No,,No,No,Almost Never,Almost Never,Fairly Often,Fairly Often,Sometimes,Very Often,Sometimes,Sometimes,Fairly Often,Never,Taco Bell tacos (serving: 1 taco),2,3,0,0,0,0,0,0,0,0,0,0,0,,,,,,,,,,,,,Unknown
MGC-27,Female,Asian,,"No, not Hispanic or Latino",Sometimes true,Never true,No,,No,No,Sometimes,Sometimes,Fairly Often,Very Often,Very Often,Fairly Often,Fairly Often,Fairly Often,Sometimes,Sometimes,Kentucky Fried Chicken (serving: 1 chicken breast),5,3,2,2,0,1,1,1,0,0,0,0,0,5,4,2,2,4,5,4,5,1,1,3,3,Unknown
MGC-14,Female,Asian,,"No, not Hispanic or Latino",Sometimes true,Sometimes true,No,,No,No,Fairly Often,Fairly Often,Fairly Often,Sometimes,Sometimes,Sometimes,Fairly Often,Sometimes,Fairly Often,Sometimes,Taco Bell burritos (serving: 1 burrito),5,10,10,10,10,7,5,1,0,0,0,0,0,5,5,1,1,2,5,5,5,4,5,5,4,Unknown
MGC-11,Female,Black or African American,,"No, not Hispanic or Latino",Never true,Never true,No,,No,No,Never,Almost Never,Sometimes,Fairly Often,Fairly Often,Almost Never,Fairly Often,Very Often,Almost Never,Never,Chick-Fil-A chicken nuggets (serving: 12 nuggets),5,2,2,2,2,2,2,2,2,1,0,0,0,4,4,1,1,4,2,4,2,4,2,2,2,Unknown
MGC-15,Female,White,,"No, not Hispanic or Latino",Never true,Never true,No,,No,No,Sometimes,Sometimes,Fairly Often,Sometimes,Sometimes,Fairly Often,Almost Never,Sometimes,Almost Never,Sometimes,Pizza Hut pizza (serving: 1 slice),4,1,1,1,1,1,1,0,0,0,0,0,0,4,1,4,4,5,3,3,3,3,4,4,4,
MGC-12,Female,White,,"No, not Hispanic or Latino",Never true,Never true,No,,No,No,Very Often,Fairly Often,Fairly Often,Fairly Often,Sometimes,Sometimes,Sometimes,Sometimes,Fairly Often,Sometimes,Starbucks bagels (serving: 1 bagel),4,7,7,7,5,5,3,1,0,0,0,0,0,4,2,2,2,5,4,3,4,2,2,2,5,
MGC-18,Male,White,,"No, not Hispanic or Latino",Never true,Never true,No,,No,No,Almost Never,Almost Never,Fairly Often,Fairly Often,Sometimes,Never,Fairly Often,Fairly Often,Almost Never,Never,Dunkin Donuts' donuts (serving: 1 donut),3,1,1,1,1,1,0,0,0,0,0,0,0,4,4,2,2,4,4,4,3,2,3,2,2,
MGC-20,Female,Black or African American,,"No, not Hispanic or Latino",Often true,Never true,No,,No,No,Almost Never,Sometimes,Sometimes,Very Often,Fairly Often,Very Often,Fairly Often,Very Often,Almost Never,Never,Starbucks bagels (serving: 1 bagel),5,7,7,7,7,7,7,0,0,0,0,0,0,2,4,1,1,4,3,3,3,2,2,2,2,
MGC-17,Female,White,,"No, not Hispanic or Latino",Never true,Never true,No,,No,No,Almost Never,Almost Never,Almost Never,Very Often,Fairly Often,Almost Never,Fairly Often,Fairly Often,Sometimes,Never,Pizza Hut pizza (serving: 1 slice),4,4,4,4,4,4,2,0,0,0,0,0,0,5,4,2,4,4,4,5,4,4,2,4,4,
MGC-21,Female,Asian,,"No, not Hispanic or Latino",Never true,Never true,No,,No,No,Sometimes,Fairly Often,Fairly Often,Almost Never,Sometimes,Sometimes,Almost Never,Almost Never,Sometimes,Sometimes,Chick-Fil-A chicken nuggets (serving: 12 nuggets),4,14,14,12,10,7,3,1,0,0,0,0,0,3,3,4,4,5,3,4,2,2,2,2,4,
MGC-25,Female,White,,"No, not Hispanic or Latino",Never true,Never true,No,,No,No,Almost Never,Sometimes,Sometimes,Very Often,Almost Never,Almost Never,Fairly Often,Fairly Often,Sometimes,Never,Chick-Fil-A chicken nuggets (serving: 12 nuggets),5,7,7,7,7,7,5,2,1,0,0,0,0,5,5,2,1,2,5,4,5,2,1,1,1,
MGC-07,Male,"Native Hawaiian or Other Pacific Islander,White",,"No, not Hispanic or Latino",Never true,Never true,No,,No,No,Almost Never,Almost Never,Sometimes,Very Often,Sometimes,Almost Never,Fairly Often,Fairly Often,Sometimes,Never,Chick-Fil-A chicken nuggets (serving: 12 nuggets),5,10,10,10,8,7,5,3,0,0,0,0,0,4,3,2,2,4,4,4,3,4,2,1,2,
MGC-22,Male,White,,"No, not Hispanic or Latino",Often true,Never true,No,,No,No,Sometimes,Sometimes,Fairly Often,Sometimes,Sometimes,Almost Never,Sometimes,Sometimes,Sometimes,Sometimes,Arby's roast beef sandwiches (serving: 1),4,28,28,28,28,28,25,10,0,0,0,0,0,4,3,1,3,4,4,4,3,2,1,2,2,
MGC-28,Male,White,,"No, not Hispanic or Latino",Never true,Never true,No,,No,No,Almost Never,Sometimes,Sometimes,Sometimes,Sometimes,Sometimes,Sometimes,Fairly Often,Sometimes,Sometimes,Arby's curly fries (serving: 1 medium order),5,12,12,10,7,3,1,0,0,0,0,0,0,4,4,2,2,2,5,4,3,1,2,2,2,
MGC-29,Female,Asian,,"No, not Hispanic or Latino",Never true,Never true,No,,No,No,Very Often,Very Often,Very Often,Never,Almost Never,Fairly Often,Sometimes,Never,Fairly Often,Fairly Often,McDonald's french fries (serving: 1 medium order),3,2,2,2,2,1,0,0,0,0,0,0,0,4,4,3,4,5,5,4,4,1,1,3,4,
MGC-32,Male,Asian,,"No, not Hispanic or Latino",Never true,Never true,No,,No,No,Sometimes,Almost Never,Sometimes,Very Often,Fairly Often,Almost Never,Very Often,Fairly Often,Almost Never,Almost Never,Taco Bell tacos (serving: 1 taco),4,20,20,20,7,7,7,1,0,0,0,0,0,4,4,3,4,3,4,4,4,1,2,2,3,
MGC-19,Female,Black or African American,,"No, not Hispanic or Latino",Never true,Never true,No,,No,No,Sometimes,Sometimes,Sometimes,Almost Never,Almost Never,Sometimes,Almost Never,Sometimes,Sometimes,Sometimes,Pizza Hut pizza (serving: 1 slice),5,10,10,10,10,10,7,4,0,0,0,0,0,4,4,2,2,2,4,4,2,4,2,2,2,
MGC-30,Female,Black or African American,,"No, not Hispanic or Latino",Never true,Never true,No,,No,Yes,Sometimes,Fairly Often,Very Often,Very Often,Sometimes,Sometimes,Sometimes,Sometimes,Sometimes,Sometimes,McDonald's cheeseburgers (serving: 1),5,8,8,8,8,8,6,1,0,0,0,0,0,5,4,2,2,4,4,3,1,4,1,2,3,
MGC-31,Male,Asian,,"No, not Hispanic or Latino",Never true,Never true,No,,No,No,Sometimes,Sometimes,Almost Never,Fairly Often,Fairly Often,Sometimes,Very Often,Fairly Often,Almost Never,Almost Never,Taco Bell tacos (serving: 1 taco),5,15,15,12,8,6,5,2,1,0,0,0,0,4,3,2,2,2,4,4,4,3,2,3,2,
MGC-24,Male ,"Asian,White",,"No, not Hispanic or Latino",Never true,Never true,No,,No,No,Sometimes,Almost Never,Very Often,Fairly Often,Sometimes,Almost Never,Very Often,Fairly Often,Sometimes,Sometimes,Taco Bell tacos (serving: 1 taco),5,40,40,20,10,3,1,0,0,0,0,0,0,3,2,2,1,4,5,5,4,1,2,1,2,
MGC-26,Male,White,,"No, not Hispanic or Latino",Never true,Never true,No,,No,No,Almost Never,Almost Never,Sometimes,Very Often,Fairly Often,Almost Never,Fairly Often,Sometimes,Sometimes,Fairly Often,Krispy Kreme donuts (serving: 1 donut),5,7,7,7,3,1,0,0,0,0,0,0,0,5,4,1,1,4,5,5,4,2,1,1,2,
MGC-16,Female,White,,"No, not Hispanic or Latino",Never true,Never true,No,,No,No,Almost Never,Almost Never,Sometimes,Very Often,Fairly Often,Never,Fairly Often,Very Often,Almost Never,Almost Never,Taco Bell burritos (serving: 1 burrito),3,2,2,2,2,1,1,0,0,0,0,0,0,5,4,1,1,2,5,3,4,2,2,4,4,
MGC-23,Female,White,,"No, not Hispanic or Latino",Sometimes true,Sometimes true,Yes,Some months but not every month,No,Yes,Sometimes,Sometimes,Fairly Often,Fairly Often,Sometimes,Almost Never,Fairly Often,Fairly Often,Sometimes,Almost Never,Chick-Fil-A chicken nuggets (serving: 12 nuggets),4,8,8,8,8,6,3,1,0,0,0,0,0,4,4,2,2,4,4,4,3,2,2,2,3,
MGC-13,Female,White,,"No, not Hispanic or Latino",Never true,Never true,No,,No,No,Sometimes,Almost Never,Sometimes,Fairly Often,Sometimes,Sometimes,Sometimes,Sometimes,Sometimes,Almost Never,Arby's roast beef sandwiches (serving: 1),4,4,4,4,4,4,3,1,0,0,0,0,0,5,4,1,1,3,4,5,4,2,2,1,3,
MGC-35,Male,White,,"No, not Hispanic or Latino",Never true,Never true,No,,Yes,No,Sometimes,Almost Never,Almost Never,Sometimes,Fairly Often,Never,Very Often,Sometimes,Fairly Often,Sometimes,Chick-Fil-A chicken nuggets (serving: 12 nuggets),4,7,7,7,7,7,4,1,0,0,0,0,0,4,2,5,5,5,2,2,2,4,4,4,4,
MGC-38,Female,White,,"No, not Hispanic or Latino",Sometimes true,Sometimes true,Yes,Some months but not every month,Yes,Yes,Fairly Often,Fairly Often,Very Often,Sometimes,Never,Fairly Often,Fairly Often,Never,Fairly Often,Fairly Often,McDonald's french fries (serving: 1 medium order),5,20,10,5,2,1,0,0,0,0,0,0,0,4,3,2,2,2,5,5,4,1,1,2,3,
MGC-33,Female,White,,"No, not Hispanic or Latino",Never true,Never true,No,,No,No,Almost Never,Sometimes,Fairly Often,Sometimes,Sometimes,Sometimes,Fairly Often,Sometimes,Almost Never,Sometimes,McDonald's french fries (serving: 1 medium order),5,2,2,1,0,0,0,0,0,0,0,0,0,3,4,1,1,2,4,4,3,2,3,2,3,
MGC-34,Female,White,,"No, not Hispanic or Latino",Never true,Never true,No,,No,No,Sometimes,Sometimes,Fairly Often,Very Often,Sometimes,Almost Never,Fairly Often,Fairly Often,Sometimes,Almost Never,Panera bagels (serving: 1 bagel),4,7,7,7,7,7,3,1,0,0,0,0,0,5,5,1,1,4,2,5,2,1,1,1,2,
MGC-37,Female,White,,"No, not Hispanic or Latino",Often true,Sometimes true,Yes,Only 1 or 2 months,Yes,No,Fairly Often,Fairly Often,Fairly Often,Sometimes,Almost Never,Sometimes,Almost Never,Sometimes,Almost Never,Sometimes,Pizza Hut pizza (serving: 1 slice),4,7,6,5,4,2,1,0,0,0,0,0,0,5,4,2,3,2,4,4,2,4,2,2,2,
MGC-36,Female,White,,"No, not Hispanic or Latino",Often true,Never true,No,,No,No,Almost Never,Never,Never,Very Often,Very Often,Never,Very Often,Fairly Often,Almost Never,Almost Never,Panera bagels (serving: 1 bagel),4,5,5,5,5,5,0,0,0,0,0,0,0,5,5,2,1,4,3,5,4,1,2,4,2,
MGC-43,Female,White,,"No, not Hispanic or Latino",Never true,Never true,No,,No,No,Almost Never,Sometimes,Sometimes,Fairly Often,Fairly Often,Never,Very Often,Sometimes,Sometimes,Almost Never,Panera bagels (serving: 1 bagel),3,3,3,3,3,2,0,0,0,0,0,0,0,5,4,3,2,2,4,4,3,4,4,2,4,
MGC-39,Male,White,"No, not Hispanic or Latino",Never true,Never true,No,,No,No,Sometimes,Sometimes,Fairly Often,Sometimes,Sometimes,Sometimes,Sometimes,Sometimes,Sometimes,Sometimes,McDonald's cheeseburgers (serving: 1),4,12,12,12,12,7,2,0,0,0,0,0,0,4,2,4,2,4,4,4,3,2,2,4,3,,
MGC-42,Female,White,"No, not Hispanic or Latino",Never true,Never true,No,,No,No,Fairly Often,Sometimes,Fairly Often,Sometimes,Sometimes,Almost Never,Fairly Often,Fairly Often,Sometimes,Almost Never,Chick-Fil-A chicken nuggets (serving: 12 nuggets),5,4,4,2,1,1,1,0,0,0,0,0,0,4,2,4,4,2,5,4,2,2,3,4,4,,
MGC-40,Male,White,"No, not Hispanic or Latino",Never true,Never true,No,,No,No,Sometimes,Almost Never,Sometimes,Very Often,Fairly Often,Almost Never,Sometimes,Fairly Often,Almost Never,Almost Never,Taco Bell tacos (serving: 1 taco),4,7,7,7,7,7,5,2,0,0,0,0,0,4,3,5,4,1,4,1,2,2,4,4,4,,
